Feature,Importance
ASTV,0.1360975502398502
MSTV,0.1229498507317696
ALTV,0.11436689682948982
Mean,0.09081369612850027
Median,0.055696875330458084
AC,0.051812322978196164
DP,0.05129032093497113
Mode,0.05129029676136686
MLTV,0.050415726421192596
UC,0.04137223666631354
Min,0.038332306929966566
Variance,0.03671264606496461
Width,0.0362948753551453
LB,0.03202449073247904
Max,0.02861169551243878
FM,0.021593346271291843
Nmax,0.018031010704992075
Tendency,0.00871840107367834
DL,0.008330478272274117
Nzeros,0.00429881342629742
DS,0.0009461626343635742
