Model,Accuracy,Macro Precision,Macro Recall,Macro F1,Weighted F1,Normal F1,Suspect F1,Pathological F1
XGBoost,0.9435736677115988,0.9257625978767354,0.8810695792824413,0.8998022813759401,0.9412027798455547,0.9673590504451038,0.7974683544303798,0.9345794392523364
LightGBM,0.9420062695924765,0.9122159975101152,0.8835160764472484,0.8948868623002895,0.9400264296997604,0.9672293942403177,0.8,0.9174311926605505
Gradient Boosting,0.9341692789968652,0.8991196034655421,0.8683096290723183,0.8804194566484682,0.9318874543154985,0.9623015873015873,0.779874213836478,0.8990825688073395
Random Forest,0.9294670846394985,0.8851552547159676,0.8606789392731461,0.8714959508361998,0.9275884327129051,0.9611940298507463,0.7560975609756098,0.897196261682243
Multi-layer Perceptron,0.9278996865203761,0.8795575666163901,0.8406509669796941,0.858887425406643,0.9260432011340622,0.9632571996027806,0.7590361445783133,0.8543689320388349
Decision Tree,0.9075235109717869,0.8606005929153037,0.8250818518889207,0.8419504750294241,0.9059709841527854,0.945273631840796,0.6982248520710059,0.8823529411764706
Logistic Regression,0.8934169278996865,0.8387518084523929,0.7865654475739515,0.8052460369480251,0.8947096232605488,0.9447236180904522,0.6666666666666666,0.8043478260869565
Support Vector Machine,0.9028213166144201,0.8438108438108438,0.7681535180206454,0.8014323303064476,0.8991210328287531,0.9536945812807882,0.6506024096385542,0.8
Linear SVM,0.8855799373040752,0.8286862990810359,0.7620074362699927,0.7875675049588092,0.8857658628682208,0.9410589410589411,0.6304347826086957,0.7912087912087912
K-Nearest Neighbors,0.8761755485893417,0.8090016171865281,0.7093398009555331,0.7505384566316465,0.869907545641526,0.9364613880742912,0.5679012345679012,0.7472527472527473
